{"resourceType":"ImplementationGuide","id":"fhir.Cancer","text":{"status":"extensions","div":"<div xmlns=\"http://www.w3.org/1999/xhtml\"><h2>CancerIG</h2><p>The official URL for this implementation guide is: </p><pre>http://example.org/ImplementationGuide/fhir.Cancer</pre></div>"},"url":"http://example.org/ImplementationGuide/fhir.Cancer","version":"0.1.0","name":"CancerIG","title":"台北榮民總醫院-治療計畫書實作指引(VGH-IG)","status":"draft","date":"2022-08-27T12:17:33+08:00","publisher":"Example Publisher","contact":[{"name":"Example Publisher","telecom":[{"system":"url","value":"http://example.org/example-publisher"}]}],"packageId":"fhir.Cancer","license":"CC0-1.0","fhirVersion":["4.0.1"],"dependsOn":[{"id":"hl7tx","uri":"http://terminology.hl7.org/ImplementationGuide/hl7.terminology","packageId":"hl7.terminology.r4","version":"3.1.0"}],"definition":{"extension":[{"extension":[{"url":"code","valueString":"copyrightyear"},{"url":"value","valueString":"2022+"}],"url":"http://hl7.org/fhir/tools/StructureDefinition/ig-parameter"},{"extension":[{"url":"code","valueString":"releaselabel"},{"url":"value","valueString":"ci-build"}],"url":"http://hl7.org/fhir/tools/StructureDefinition/ig-parameter"},{"extension":[{"url":"code","valueString":"path-liquid"},{"url":"value","valueString":"template/liquid"}],"url":"http://hl7.org/fhir/tools/StructureDefinition/ig-parameter"},{"extension":[{"url":"code","valueString":"path-liquid"},{"url":"value","valueString":"input/liquid"}],"url":"http://hl7.org/fhir/tools/StructureDefinition/ig-parameter"},{"extension":[{"url":"code","valueString":"path-qa"},{"url":"value","valueString":"temp/qa"}],"url":"http://hl7.org/fhir/tools/StructureDefinition/ig-parameter"},{"extension":[{"url":"code","valueString":"path-temp"},{"url":"value","valueString":"temp/pages"}],"url":"http://hl7.org/fhir/tools/StructureDefinition/ig-parameter"},{"extension":[{"url":"code","valueString":"path-output"},{"url":"value","valueString":"output"}],"url":"http://hl7.org/fhir/tools/StructureDefinition/ig-parameter"},{"extension":[{"url":"code","valueString":"path-suppressed-warnings"},{"url":"value","valueString":"input/ignoreWarnings.txt"}],"url":"http://hl7.org/fhir/tools/StructureDefinition/ig-parameter"},{"extension":[{"url":"code","valueString":"path-history"},{"url":"value","valueString":"http://example.org/history.html"}],"url":"http://hl7.org/fhir/tools/StructureDefinition/ig-parameter"},{"extension":[{"url":"code","valueString":"template-html"},{"url":"value","valueString":"template-page.html"}],"url":"http://hl7.org/fhir/tools/StructureDefinition/ig-parameter"},{"extension":[{"url":"code","valueString":"template-md"},{"url":"value","valueString":"template-page-md.html"}],"url":"http://hl7.org/fhir/tools/StructureDefinition/ig-parameter"},{"extension":[{"url":"code","valueString":"apply-contact"},{"url":"value","valueString":"true"}],"url":"http://hl7.org/fhir/tools/StructureDefinition/ig-parameter"},{"extension":[{"url":"code","valueString":"apply-context"},{"url":"value","valueString":"true"}],"url":"http://hl7.org/fhir/tools/StructureDefinition/ig-parameter"},{"extension":[{"url":"code","valueString":"apply-copyright"},{"url":"value","valueString":"true"}],"url":"http://hl7.org/fhir/tools/StructureDefinition/ig-parameter"},{"extension":[{"url":"code","valueString":"apply-jurisdiction"},{"url":"value","valueString":"true"}],"url":"http://hl7.org/fhir/tools/StructureDefinition/ig-parameter"},{"extension":[{"url":"code","valueString":"apply-license"},{"url":"value","valueString":"true"}],"url":"http://hl7.org/fhir/tools/StructureDefinition/ig-parameter"},{"extension":[{"url":"code","valueString":"apply-publisher"},{"url":"value","valueString":"true"}],"url":"http://hl7.org/fhir/tools/StructureDefinition/ig-parameter"},{"extension":[{"url":"code","valueString":"apply-version"},{"url":"value","valueString":"true"}],"url":"http://hl7.org/fhir/tools/StructureDefinition/ig-parameter"},{"extension":[{"url":"code","valueString":"active-tables"},{"url":"value","valueString":"true"}],"url":"http://hl7.org/fhir/tools/StructureDefinition/ig-parameter"},{"extension":[{"url":"code","valueString":"fmm-definition"},{"url":"value","valueString":"http://hl7.org/fhir/versions.html#maturity"}],"url":"http://hl7.org/fhir/tools/StructureDefinition/ig-parameter"},{"extension":[{"url":"code","valueString":"propagate-status"},{"url":"value","valueString":"true"}],"url":"http://hl7.org/fhir/tools/StructureDefinition/ig-parameter"},{"extension":[{"url":"code","valueString":"excludelogbinaryformat"},{"url":"value","valueString":"true"}],"url":"http://hl7.org/fhir/tools/StructureDefinition/ig-parameter"}],"grouping":[{"id":"-str-profile","name":"Structures: Resource Profiles","description":"These define constraints on FHIR resources for systems conforming to this implementation guide"},{"id":"-ex-example","name":"Example: Example Instances","description":"These are example instances that show what data produced and consumed by systems conforming with this implementation guide might look like"}],"resource":[{"extension":[{"url":"http://hl7.org/fhir/StructureDefinition/implementationguide-page","valueUri":"StructureDefinition-CISISTAG-profile-Example.html"}],"reference":{"reference":"StructureDefinition/CISISTAG-profile-Example"},"name":"Condition Profile(CISISTAG)","description":"Example of a profile of Condition(CISISTAG)癌病病患原始期別","exampleBoolean":false,"groupingId":"-str-profile"},{"extension":[{"url":"http://hl7.org/fhir/StructureDefinition/implementationguide-page","valueUri":"StructureDefinition-Condition-profile.html"}],"reference":{"reference":"StructureDefinition/Condition-profile"},"name":"Condition Profile(CISCTCAE)","description":"Example of a profile of Condition(CISCTCAE)副作用併發症記錄表","exampleBoolean":false,"groupingId":"-str-profile"},{"extension":[{"url":"http://hl7.org/fhir/StructureDefinition/implementationguide-page","valueUri":"StructureDefinition-Medication.html"}],"reference":{"reference":"StructureDefinition/Medication"},"name":"Medication-MITW","description":"Example of a profile of Medication","exampleBoolean":false,"groupingId":"-str-profile"},{"extension":[{"url":"http://hl7.org/fhir/StructureDefinition/implementationguide-page","valueUri":"StructureDefinition-MedicationAdministration.html"}],"reference":{"reference":"StructureDefinition/MedicationAdministration"},"name":"MedicationAdministration-MITW","description":"Example of a profile of MedicationAdministration","exampleBoolean":false,"groupingId":"-str-profile"},{"extension":[{"url":"http://hl7.org/fhir/StructureDefinition/implementationguide-page","valueUri":"StructureDefinition-MedicationRequest.html"}],"reference":{"reference":"StructureDefinition/MedicationRequest"},"name":"MedicationRequest-MITW","description":"Example of a profile of MedicationRequest","exampleBoolean":false,"groupingId":"-str-profile"},{"extension":[{"url":"http://hl7.org/fhir/StructureDefinition/implementationguide-page","valueUri":"StructureDefinition-MyObservation.html"}],"reference":{"reference":"StructureDefinition/MyObservation"},"name":"Observation(CISSSF)","description":"Example of a profile of Observation(CISSSF)重要預後因子","exampleBoolean":false,"groupingId":"-str-profile"},{"extension":[{"url":"http://hl7.org/fhir/StructureDefinition/implementationguide-page","valueUri":"StructureDefinition-Observation-profile.html"}],"reference":{"reference":"StructureDefinition/Observation-profile"},"name":"Observation Profile(CISISTAG)","description":"Example of a profile of Observation(CISISTAG)癌病病患原始期別","exampleBoolean":false,"groupingId":"-str-profile"},{"extension":[{"url":"http://hl7.org/fhir/StructureDefinition/implementationguide-page","valueUri":"StructureDefinition-patient-profile.html"}],"reference":{"reference":"StructureDefinition/patient-profile"},"name":"Patient Profile","description":"Example of a profile of Patient","exampleBoolean":false,"groupingId":"-str-profile"},{"extension":[{"url":"http://hl7.org/fhir/StructureDefinition/implementationguide-page","valueUri":"StructureDefinition-Procedure-operation.html"}],"reference":{"reference":"StructureDefinition/Procedure-operation"},"name":"Procedure Profile(CISISTAG)","description":"Example of a profile of Procedure(CISTSUG)預計手術記錄","exampleBoolean":false,"groupingId":"-str-profile"},{"extension":[{"url":"http://hl7.org/fhir/StructureDefinition/implementationguide-page","valueUri":"StructureDefinition-Procedure-RT.html"}],"reference":{"reference":"StructureDefinition/Procedure-RT"},"name":"Procedure Profile(CISTRT)","description":"Example of a profile of Procedure(CISTRT)預計放射治療記錄","exampleBoolean":false,"groupingId":"-str-profile"},{"extension":[{"url":"http://hl7.org/fhir/StructureDefinition/implementationguide-page","valueUri":"Condition-CISISTAG-profile-Example.html"}],"reference":{"reference":"Condition/CISISTAG-profile-Example"},"name":"CISISTAG-profile-Example","description":"CISISTAG-癌病病患原始期別","exampleCanonical":"http://example.org/StructureDefinition/CISISTAG-profile-Example","groupingId":"-ex-example"},{"extension":[{"url":"http://hl7.org/fhir/StructureDefinition/implementationguide-page","valueUri":"Patient-PatientExample.html"}],"reference":{"reference":"Patient/PatientExample"},"name":"PatientExample","exampleCanonical":"http://example.org/StructureDefinition/patient-profile","groupingId":"-ex-example"}],"page":{"nameUrl":"toc.html","title":"Table of Contents","generation":"html","page":[{"nameUrl":"index.html","title":"Home","generation":"markdown"},{"nameUrl":"artifacts.html","title":"Artifacts Summary","generation":"html","page":[{"nameUrl":"StructureDefinition-CISISTAG-profile-Example.html","title":"Condition Profile(CISISTAG)","generation":"generated"},{"nameUrl":"StructureDefinition-Condition-profile.html","title":"Condition Profile(CISCTCAE)","generation":"generated"},{"nameUrl":"StructureDefinition-Medication.html","title":"Medication-MITW","generation":"generated"},{"nameUrl":"StructureDefinition-MedicationAdministration.html","title":"MedicationAdministration-MITW","generation":"generated"},{"nameUrl":"StructureDefinition-MedicationRequest.html","title":"MedicationRequest-MITW","generation":"generated"},{"nameUrl":"StructureDefinition-MyObservation.html","title":"Observation(CISSSF)","generation":"generated"},{"nameUrl":"StructureDefinition-Observation-profile.html","title":"Observation Profile(CISISTAG)","generation":"generated"},{"nameUrl":"StructureDefinition-patient-profile.html","title":"Patient Profile","generation":"generated"},{"nameUrl":"StructureDefinition-Procedure-operation.html","title":"Procedure Profile(CISISTAG)","generation":"generated"},{"nameUrl":"StructureDefinition-Procedure-RT.html","title":"Procedure Profile(CISTRT)","generation":"generated"},{"nameUrl":"Condition-CISISTAG-profile-Example.html","title":"CISISTAG-profile-Example","generation":"generated"},{"nameUrl":"Patient-PatientExample.html","title":"PatientExample","generation":"generated"}]}]},"parameter":[{"code":"path-resource","value":"input/capabilities"},{"code":"path-resource","value":"input/examples"},{"code":"path-resource","value":"input/extensions"},{"code":"path-resource","value":"input/models"},{"code":"path-resource","value":"input/operations"},{"code":"path-resource","value":"input/profiles"},{"code":"path-resource","value":"input/resources"},{"code":"path-resource","value":"input/vocabulary"},{"code":"path-resource","value":"input/maps"},{"code":"path-resource","value":"input/testing"},{"code":"path-resource","value":"input/history"},{"code":"path-resource","value":"fsh-generated/resources"},{"code":"path-pages","value":"template/config"},{"code":"path-pages","value":"input/images"},{"code":"path-tx-cache","value":"input-cache/txcache"}]}}