[
  {
    "id": "fhir.Cancer",
    "type": "ImplementationGuide",
    "url": "http://example.org/ImplementationGuide/fhir.Cancer",
    "version": "0.1.0",
    "name": "CancerIG"
  },
  {
    "id": "CISISTAG-profile-Example",
    "type": "StructureDefinition",
    "url": "http://example.org/StructureDefinition/CISISTAG-profile-Example",
    "version": "0.1.0",
    "name": "CISISTAGConditionProfile"
  },
  {
    "id": "CarePlanProfile",
    "type": "StructureDefinition",
    "url": "http://example.org/StructureDefinition/CarePlanProfile",
    "version": "0.1.0",
    "name": "CarePlanProfile"
  },
  {
    "id": "Condition-profile",
    "type": "StructureDefinition",
    "url": "http://example.org/StructureDefinition/Condition-profile",
    "version": "0.1.0",
    "name": "ConditionProfile"
  },
  {
    "id": "ProcedureChemo",
    "type": "StructureDefinition",
    "url": "http://example.org/StructureDefinition/ProcedureChemo",
    "version": "0.1.0",
    "name": "ProcedureChemo"
  },
  {
    "id": "ProcedureOther",
    "type": "StructureDefinition",
    "url": "http://example.org/StructureDefinition/ProcedureOther",
    "version": "0.1.0",
    "name": "ProcedureOther"
  },
  {
    "id": "patient-profile",
    "type": "StructureDefinition",
    "url": "http://example.org/StructureDefinition/patient-profile",
    "version": "0.1.0",
    "name": "PatientProfile"
  },
  {
    "id": "Medication",
    "type": "StructureDefinition",
    "url": "https://example.org/fhir/StructureDefinition/MITW-Medication",
    "version": "0.1.0",
    "name": "Medication"
  },
  {
    "id": "MedicationAdministration",
    "type": "StructureDefinition",
    "url": "https://example.org/fhir/StructureDefinition/MITW-MedicationAdministration",
    "version": "0.1.0",
    "name": "MedicationAdministration"
  },
  {
    "id": "MedicationRequest",
    "type": "StructureDefinition",
    "url": "https://example.org/fhir/StructureDefinition/MedicationRequest",
    "version": "0.1.0",
    "name": "MedicationRequest"
  },
  {
    "id": "GoalProfile",
    "type": "StructureDefinition",
    "url": "https://example.org/fhir/StructureDefinition/MyGoal",
    "version": "0.1.0",
    "name": "GoalProfile"
  },
  {
    "id": "MyObservation",
    "type": "StructureDefinition",
    "url": "https://example.org/fhir/StructureDefinition/MyObservation",
    "version": "0.1.0",
    "name": "MyObservation"
  },
  {
    "id": "Observation-profile",
    "type": "StructureDefinition",
    "url": "https://example.org/fhir/StructureDefinition/MyObservation",
    "version": "0.1.0",
    "name": "ObservationProfile"
  },
  {
    "id": "ProcedureOperation",
    "type": "StructureDefinition",
    "url": "https://example.org/fhir/StructureDefinition/MyProcedure",
    "version": "0.1.0",
    "name": "ProcedureOperation"
  },
  {
    "id": "Procedure-RT",
    "type": "StructureDefinition",
    "url": "https://example.org/fhir/StructureDefinition/MyProcedure",
    "version": "0.1.0",
    "name": "ProcedureRT"
  }
]