{
  "package": "fhir.Cancer",
  "version": "0.1.0",
  "fhirVersion": "4.0.1",
  "extensions": [],
  "profiles": {
    "Condition": [
      {
        "url": "http://example.org/StructureDefinition/Condition-profile",
        "title": "03-Condition Profile(CISISTAG)"
      }
    ],
    "Observation": [
      {
        "url": "http://example.org/StructureDefinition/Observation-profile",
        "title": "02-Observation Profile(CISISTAG)"
      }
    ],
    "Patient": [
      {
        "url": "http://example.org/StructureDefinition/patient-profile",
        "title": "01-Patient Profile"
      }
    ],
    "Medication": [
      {
        "url": "https://example.org/fhir/StructureDefinition/MITW-Medication",
        "title": "MITW-Medication"
      }
    ],
    "MedicationAdministration": [
      {
        "url": "https://example.org/fhir/StructureDefinition/MITW-MedicationAdministration",
        "title": "MITW-MedicationAdministration"
      }
    ],
    "MedicationRequest": [
      {
        "url": "https://example.org/fhir/StructureDefinition/MedicationRequest",
        "title": "MITW-MedicationRequest"
      }
    ]
  },
  "usage": {
    "http://hl7.org/fhir/StructureDefinition/elementdefinition-bestpractice": [
      "StructureDefinition.snapshot.element.constraint"
    ],
    "http://hl7.org/fhir/StructureDefinition/elementdefinition-bestpractice-explanation": [
      "StructureDefinition.snapshot.element.constraint"
    ],
    "http://hl7.org/fhir/StructureDefinition/elementdefinition-bindingName": [
      "StructureDefinition.snapshot.element.binding"
    ],
    "http://hl7.org/fhir/StructureDefinition/elementdefinition-isCommonBinding": [
      "StructureDefinition.snapshot.element.binding"
    ],
    "http://hl7.org/fhir/StructureDefinition/elementdefinition-maxValueSet": [
      "StructureDefinition.snapshot.element.binding"
    ],
    "http://hl7.org/fhir/StructureDefinition/elementdefinition-translatable": [
      "StructureDefinition.snapshot.element"
    ],
    "http://hl7.org/fhir/StructureDefinition/structuredefinition-category": [
      "StructureDefinition"
    ],
    "http://hl7.org/fhir/StructureDefinition/structuredefinition-display-hint": [
      "StructureDefinition.snapshot.element"
    ],
    "http://hl7.org/fhir/StructureDefinition/structuredefinition-explicit-type-name": [
      "StructureDefinition.snapshot.element"
    ],
    "http://hl7.org/fhir/StructureDefinition/structuredefinition-fhir-type": [
      "StructureDefinition.snapshot.element.type"
    ],
    "http://hl7.org/fhir/StructureDefinition/structuredefinition-hierarchy": [
      "StructureDefinition.snapshot.element.type"
    ],
    "http://hl7.org/fhir/StructureDefinition/structuredefinition-security-category": [
      "StructureDefinition"
    ],
    "http://hl7.org/fhir/StructureDefinition/structuredefinition-standards-status": [
      "StructureDefinition.snapshot.element"
    ],
    "http://hl7.org/fhir/tools/StructureDefinition/ig-parameter": [
      "ImplementationGuide.definition"
    ],
    "http://hl7.org/fhir/tools/StructureDefinition/resource-information": [
      "ImplementationGuide.definition.resource"
    ]
  }
}